{"XGBoost": {"Test RMSE": 51.49617691138273, "Test MAE": 30.598358002604915, "Test R2": 0.6765715123990337}, "Neural Network": {"Test RMSE": 28.44285246342607, "Test MAE": 20.06094902785271, "Test R2": 0.9013323940173781}}