{"XGBoost": {"Test RMSE": 51.49617691138273, "Test MAE": 30.598358002604915, "Test R2": 0.6765715123990337}, "Neural Network": {"Test RMSE": 24.216973811284316, "Test MAE": 16.17150673047112, "Test R2": 0.9284733248149548}}